id	sentence	graph	variable_name	predicate	karthik	sonya	august	alvin	paul	saksham	nick	benet
pear_story.2 	 U—m the s the scene opens up with um you see a tree , 	(s2o2 / open-02   :ARG1 (s2s3 / scene           :refer-number singular)   :manner (s2s4 / see-01             :ARG0 (s2p2 / person                     :refer-person 2nd                     :refer-definiteness generic)             :ARG1 (s2t2 / tree                     :refer-number singular)             :aspect blank)   :aspect blank)	s2o2	open.02	Performance	process	performance	endeavor	Process	State	process	process
pear_story.2 	 U—m the s the scene opens up with um you see a tree , 	(s2o2 / open-02   :ARG1 (s2s3 / scene           :refer-number singular)   :manner (s2s4 / see-01             :ARG0 (s2p2 / person                     :refer-person 2nd                     :refer-definiteness generic)             :ARG1 (s2t2 / tree                     :refer-number singular)             :aspect blank)   :aspect blank) 	s2s4	see.02	State	state	activity	state	performance	process	state	state
pear_story.3 	 k kay ? 	(s3o / okay-04   :ARG2-of (s3r / request-confirmation-91              :ARG1 (s3e / event))   :aspect blank) 	s3o	okay.04	State	n/a		state	State	State	state	state
pear_story.4 	 And there's a ladder coming out . . o of the tree , 	(s4c / come-33         :ARG1 (s4l / ladder                 :refer-number singular)         :ARG3 (s4t / tree                 :refer-number singular)         :aspect blank) 	s4c	come.33	Performance 	process	state	state	State	process	state	state
pear_story.5 	 and there's a man at the top of the ladder , 	(s5h / have-place-91         :ARG1 (s5m / man                 :refer-number singular)         :ARG2 (s5p / place                 :ARG1-of (s5t / top-06                         :ARG2 (s5l / ladder                                 :refer-number singular)))         :aspect blank) 	s5h	have-place.91	State	state	state	state	state	State	state	state
pear_story.6 	 you can't see him yet . 	(s6s / see-01   :polarity -   :ARG0 (s6p / person           :refer-person 2nd           :refer-definiteness generic)   :ARG1 (s6p2 / person           :refer-person 3rd           :refer-number singular)   :temporal (s6y / yet)   :aspect blank) 	s6s	see.01	State	state	state	state	state	State	state	state
pear_story.7 	 A-nd then . . it shifts 	(s7s / shift-01   :ARG1 (s7t / thing           :refer-person 3rd           :refer-number singular)   :temporal (s7t2 / then)   :aspect blank) 	s7s	shift.01	Performance	process	performance	activity	performance	process	performance	performance
pear_story.8 	 and you see him , 	(s8s / see-01   :ARG0 (s8p / person           :refer-person 2nd           :refer-definiteness generic)   :ARG1 (s8e / event           :ARG0 (s8p2 / person                   :refer-person 3rd                   :refer-number singular))   :aspect blank) 	s8s	see.01	State	state	activity	state	performance	State	performance	performance
pear_story.9 	 plucking a pear from the tree . 	(s9p / pluck-01   :ARG0 (s9p2 / person)   :ARG1 (s9p3 / pear           :refer-number singular)   :ARG2 (s9t / tree           :refer-number singular)   :aspect blank) 	s9p	pluck.01	Activity	process	Endeavor	performance	activity	process	activity	activity
pear_story.10 	 And you watch him pluck a few pears , 	(s10w / watch-01   :ARG0 (s10p / person           :refer-person 2nd           :refer-definiteness generic)   :ARG1 (s10p2 / pluck-01           :ARG0 (s10p3 / person                   :refer-person 3rd                   :refer-number singular)           :ARG1 (s10p4 / pear                   :quant (s10a / a-few))           :aspect blank)   :aspect blank) 	s10w	watch.01	State	process	state	state	process	process	process	state
pear_story.10 	 And you watch him pluck a few pears , 	(s10w / watch-01   :ARG0 (s10p / person           :refer-person 2nd           :refer-definiteness generic)   :ARG1 (s10p2 / pluck-01           :ARG0 (s10p3 / person                   :refer-person 3rd                   :refer-number singular)           :ARG1 (s10p4 / pear                   :quant (s10a / a-few))           :aspect blank)   :aspect blank) 	s10p2	pluck.01	Performance	process	Endeavor	performance	habitual	process	performance	activity
pear_story.11 	 and he'd drop them into his thing 	(s11d / drop-01   :ARG0 (s11p / person           :refer-person 3rd           :refer-number singular)   :ARG1 (s11t / thing           :refer-number plural)   :ARG4 (s11t2 / thing           :refer-number singular           :possessor s11p)   :aspect blank) 	s11d	drop.01	Habitual	process	Endeavor	performance	habitual	habitual	habitual	habitual
pear_story.12 	 but I don't . . he's wearing like an apron with huge pockets . 	(s12w / wear-01         :ARG0 (s12p / person                 :refer-person 3rd                 :refer-number singular)         :ARG1 (s12t / thing                 :refer-number singular                 :ARG1-of (s12r / resemble-91                         :ARG2 (s12a / apron))                 :part (s12p2 / pocket                         :refer-number plural                         :ARG1-of (s12h / huge-01)))         :aspect blank) 	s12w	wear.01	State	state	state	state	state	process	state	state
pear_story.13 	 But I don't think you see the apron at first . 	(s13h / have-concession-91         :ARG1 (s13e / event)         :ARG2 (s13t / think-01                 :ARG0 (s13p / person                         :refer-person 1st                         :refer-number singular)                 :ARG1 (s13s / see-01                         :ARG0 (s13p2 / person                                 :refer-person 2nd                                 :refer-definiteness generic)                         :ARG1 (s13a / apron                                 :refer-number singular)                         :temporal (s13a2 / at-first)                         :polarity -                         :aspect state                         :modal-predicate s13t))                 :aspect blank) 	s13t	think.01	State	state	process	state	state	State	process	process
pear_story.13 	 But I don't think you see the apron at first . 	(s13h / have-concession-91         :ARG1 (s13e / event)         :ARG2 (s13t / think-01                 :ARG0 (s13p / person                         :refer-person 1st                         :refer-number singular)                 :ARG1 (s13s / see-01                         :ARG0 (s13p2 / person                                 :refer-person 2nd                                 :refer-definiteness generic)                         :ARG1 (s13a / apron                                 :refer-number singular)                         :temporal (s13a2 / at-first)                         :polarity -                         :aspect state                         :modal-predicate s13t))                 :aspect blank) 	s13s	see.01	State	state	activity	state	state	State	state	state
pear_story.14 	 I don't know if that's important or not . 	(s14k / know-01         :polarity -         :ARG0 (s14p / person                 :refer-person 1st                 :refer-number singular)         :ARG1 (s14t2 / truth-value                 :polarity-of (s14i / important-01                         :ARG1 (s14t / thing                                 :mod (s14t2 / that)                                 :refer-number singular)                         :aspect blank                         :modal-predicate s14k))         :aspect blank)	s14k	know.01	State	state	state	state	state	State	state	state
pear_story.14 	 I don't know if that's important or not . 	(s14k / know-01         :polarity -         :ARG0 (s14p / person                 :refer-person 1st                 :refer-number singular)         :ARG1 (s14t2 / truth-value                 :polarity-of (s14i / important-01                         :ARG1 (s14t / thing                                 :mod (s14t2 / that)                                 :refer-number singular)                         :aspect blank                         :modal-predicate s14k))         :aspect blank)	s14i	important.01	State	state	state	state	state	State	state	state
pear_story.15 	 A-nd u-h and then he gets down out of the tree , 	(s15g / get-05   :ARG1 (s15p / person           :refer-person 3rd           :refer-number singular)   :ARG2 (s15d / down-03)   :source (s15t / tree           :refer-number singular)   :temporal (s15t2 / then)   :aspect blank) 	s15g	get.05	Performance	process	performance	performance	perofrmance	process	performance	performance
pear_story.16 	 and he dumps all his pears into the basket 	(s16d / dump-01   :ARG0 (s16p / person           :refer-person 3rd           :refer-number singular)   :ARG1 (s16p2 / pear           :quant (s16a / all)           :possessor s16p)   :goal (s16b / basket           :refer-number singular)   :aspect blank) 	s16d	dump.01	Performance	process	Endeavor	performance	performance	process	performance	performance
pear_story.17 	 and the basket's full , 	(s17f / full-09   :ARG1 (s17b / basket           :refer-number singular)   :ARG2 (s17t / thing)   :aspect blank) 	s17f	full.09	State	state	state	state	state	state	state	state
pear_story.18 	 and one of the pears drops down to the floor , 	(s18d / drop-01   :ARG1 (s18p / pear           :quant 1           :ARG2-of (s18i / include-91                      :ARG1 (s18p2 / pear                              :refer-number plural)))   :ARG4 (s18f / floor           :refer-number singular)   :direction (s18d2 / down-03)   :aspect blank) 	s18d	drop.01	Performace	process	performance	performance	performance	process	performance	performance
pear_story.19 	 and he picks it up , 	(s19p / pick-up-04   :ARG0 (s19p2 / person           :refer-person 3rd           :refer-number singular)   :ARG1 (s19t / thing           :refer-person 3rd           :refer-number singular)   :aspect blank) 	s19p	pick-up.04	Performance	process	performance	performance	perofrmance	process	performance	performance
pear_story.20 	 and he takes his kerchief off , 	(s20t / take-off-07   :ARG0 (s20p / person           :refer-person 3rd           :refer-number singular)   :ARG1 (s20k / kerchief           :possessor s20p           :refer-number singular)   :aspect blank) 	s20t	take-off.07	Performance	process	performance	performance	performance	process	performance	performance
pear_story.21 	 and he wipes it off , 	(s21w / wipe-off-03   :ARG0 (s21p / person           :refer-person 3rd           :refer-number singular)   :ARG1 (s21t / thing           :refer-person 3rd           :refer-number singular)   :instrument (s21t2 / thing)   :aspect blank) 	s21w	wipe-off.03	Performance	process	endeavor	performance	performance	process	performance	performance
pear_story.22 	 and places it in in the basket which is very full . 	(s22p / place-01   :ARG0 (s22p2 / person)   :ARG1 (s22t / thing    :refer-person 3rd           :refer-number singular)   :ARG2 (s22b / basket           :refer-number singular           :ARG1-of (s22f / full-09     :ARG2 (s22t2 / thing)                   :degree intensifier)                   :aspect blank)   :aspect blank) 	s22p	place.01	Performance	process	endeavor	performance	performance	process	performance	performance
pear_story.22 	 and places it in in the basket which is very full . 	(s22p / place-01   :ARG0 (s22p2 / person)   :ARG1 (s22t / thing    :refer-person 3rd           :refer-number singular)   :ARG2 (s22b / basket           :refer-number singular           :ARG1-of (s22f / full-09     :ARG2 (s22t2 / thing)                   :degree intensifier)                   :aspect blank)   :aspect blank) 	s22f	full.09	State	state	state	state	state	state	state	state
pear_story.23 	 That's why it fell off in the first place . 	(s23h / have-reason-91   :ARG1 (s23f / fall-01           :ARG1 (s23t / thing     :refer-person 3rd                   :refer-number singular)           :direction (s23o / off-07)           :aspect blank)   :ARG2 (s23e / event    :mod (s23t2 / that))   :mod (s23i2 / in-the-first-place)   :aspect blank) 	s23h	have-reason.91	State	state	state	state	process	state	state	:state
pear_story.23 	 That's why it fell off in the first place . 	(s23h / have-reason-91   :ARG1 (s23f / fall-01           :ARG1 (s23t / thing     :refer-person 3rd                   :refer-number singular)           :direction (s23o / off-07)           :aspect blank)   :ARG2 (s23e / event    :mod (s23t2 / that))   :mod (s23i2 / in-the-first-place)   :aspect blank) 	s23f	fall.01	Performance	process	endeavor	performance	performance	process	performance	performance
pear_story.24 	 A--nd u--m then he climbs back up the ladder , 	(s24c / climb-01         :ARG0 (s24p / person                 :refer-person 3rd                 :refer-number singular)         :ARG1 (s24l / ladder                 :refer-number singular)         :temporal (s24t / then)         :result (s24b / back-17                 :ARG1 s24p                 :ARG2 (s24u / up-03                         :ARG1 s24p                         :ARG2 s24l))         :aspect blank) 	s24c	climb.01	Performance	process	performance	performance	performance	process	performance	activity
pear_story.25 	 and he and he . . starts picking pears again . 	(s25s / start-01   :ARG0 s25p2   :ARG1 (s25p / pick-01      :ARG0 (s25p2 / person              :refer-person 3rd              :refer-number singular)      :ARG1 (s25p3 / pear              :refer-number plural)      :mod (s25a / again)      :aspect blank)   :aspect blank) 	s25s	start.01	Performance	process	performance 	state	process	State	performance	performance
pear_story.25 	 and he and he . . starts picking pears again . 	(s25s / start-01   :ARG0 s25p2   :ARG1 (s25p / pick-01      :ARG0 (s25p2 / person              :refer-person 3rd              :refer-number singular)      :ARG1 (s25p3 / pear              :refer-number plural)      :mod (s25a / again)      :aspect blank)   :aspect blank) 	s25p	pick.01	Activity	process		activity	habitual	Habitual	activity	activity
pear_story.26 	 And then while he's up in the ladder, 	(s26h / have-temporal-91   :ARG1 (s26e / event)   :ARG2 (s26h2 / have-place-91    :ARG1 (s26p / person          :refer-person 3rd          :refer-number singular)    :ARG2 (s26p2 / place                 :ARG1-of (s26u / up-03                         :ARG2 (s26l / ladder                                 :refer-number singular)))         :aspect blank)) 	s26h	have-temporal.91		state		state	state	State		process
pear_story.27 	 let's see is it while he's up in the ladder ? 	(s27s / see-01         :mode imperative         :ARG0 (s27p / person                 :refer-person 1st                 :refer-number plural)         :ARG1 (s27h / have-temporal-91                 :ARG1 (s27e / event)                 :ARG2 (s27u / umr-choice                         :op1 (s27u2 / up-03                                 :ARG1 (s27p2 / person                                         :refer-person 3rd                                         :refer-number singular)                                 :ARG2 (s27l / ladder                                         :refer-number singular)                                 :aspect blank)                         :op2 (s27e2 / event))                 :aspect blank)         :aspect blank) 	s27s	see.01		process		state	process	process		state
pear_story.27 	 let's see is it while he's up in the ladder ? 	(s27s / see-01         :mode imperative         :ARG0 (s27p / person                 :refer-person 1st                 :refer-number plural)         :ARG1 (s27h / have-temporal-91                 :ARG1 (s27e / event)                 :ARG2 (s27u / umr-choice                         :op1 (s27u2 / up-03                                 :ARG1 (s27p2 / person                                         :refer-person 3rd                                         :refer-number singular)                                 :ARG2 (s27l / ladder                                         :refer-number singular)                                 :aspect blank)                         :op2 (s27e2 / event))                 :aspect blank)         :aspect blank) 	s27h	have-temporal.91		state		state	state	State		state
pear_story.27 	 let's see is it while he's up in the ladder ? 	(s27s / see-01         :mode imperative         :ARG0 (s27p / person                 :refer-person 1st                 :refer-number plural)         :ARG1 (s27h / have-temporal-91                 :ARG1 (s27e / event)                 :ARG2 (s27u / umr-choice                         :op1 (s27u2 / up-03                                 :ARG1 (s27p2 / person                                         :refer-person 3rd                                         :refer-number singular)                                 :ARG2 (s27l / ladder                                         :refer-number singular)                                 :aspect blank)                         :op2 (s27e2 / event))                 :aspect blank)         :aspect blank) 	s27u2	up.03		state		state	state	State		state
pear_story.30 	 a guy comes by leading a goat . 	(s30c / come-01   :ARG1 (s30g / guy           :refer-number singular)   :path (s30b / by)   :manner (s30l / lead-01               :ARG0 s30g               :ARG1 (s30g2 / goat                       :refer-number singular)               :aspect blank)   :aspect blank) 	s30c	come.01		process		activity	activity	process		endeavor
pear_story.30 	 a guy comes by leading a goat . 	(s30c / come-01   :ARG1 (s30g / guy           :refer-number singular)   :path (s30b / by)   :manner (s30l / lead-01               :ARG0 s30g               :ARG1 (s30g2 / goat                       :refer-number singular)               :aspect blank)   :aspect blank) 	s30l	lead.01		process		activity	state	process		activity
pear_story.31 	 And the goat's aaarrr but . . and they don't talk to each other , 	(s31c / contrast-91         :ARG1 (s31s / say-91                 :ARG0 (s31g / goat                         :refer-number singular)                 :ARG1 (s31a / aaarrr                         :quote s31s)                 :aspect blank)         :ARG2 (s31t / talk-01                 :polarity -                 :ARG0 (s31p / person                         :refer-person 3rd                         :refer-number plural)                 :ARG2 s31p                 :aspect blank)) 	s31s	say.91		habitual		performance	performance	Stat or Habitual		activity
pear_story.31 	 And the goat's aaarrr but . . and they don't talk to each other , 	(s31c / contrast-91         :ARG1 (s31s / say-91                 :ARG0 (s31g / goat                         :refer-number singular)                 :ARG1 (s31a / aaarrr                         :quote s31s)                 :aspect blank)         :ARG2 (s31t / talk-01                 :polarity -                 :ARG0 (s31p / person                         :refer-person 3rd                         :refer-number plural)                 :ARG2 s31p                 :aspect blank)) 	s41t	talk.01		state		state	activity	State		state
pear_story.32 	 they don't e . . I don't think they even look at each other , 	(s32t / think-01   :ARG0 (s32p3 / person    :refer-person 1st    :refer-number singular)   :ARG1 (s32l / look-01    :polarity -    :ARG0 (s32p / person                 :refer-person 3rd                 :refer-number plural)    :ARG1 s32p    :mod (s32e / even)    :aspect performance    :modal-predicate s32t)   :aspect blank) 	s32t	think.01		state		state		State		performance
pear_story.32 	 they don't e . . I don't think they even look at each other , 	(s32t / think-01   :ARG0 (s32p3 / person    :refer-person 1st    :refer-number singular)   :ARG1 (s32l / look-01    :polarity -    :ARG0 (s32p / person                 :refer-person 3rd                 :refer-number plural)    :ARG1 s32p    :mod (s32e / even)    :aspect performance    :modal-predicate s32t)   :aspect blank) 	s32l	look.01		process		state		State		
pear_story.33 	 and . . the guy . . walks by . 	(s33w / walk-01   :ARG0 (s33g / guy           :refer-number singular)   :ARG2 (s33b / by)   :aspect blank) 	s33w	walk.01		process		activity		process		
pear_story.34 	 And you watch the goat , 	(s34w / watch-01   :ARG0 (s34p / person           :refer-person 2nd           :refer-definiteness generic)   :ARG1 (s34e / event           :undergoer (s34g / goat                   :refer-number singular))   :aspect blank) 	s34w	watch.01		process		state		process		
pear_story.35 	 disappearing all the way , 	(s35d / disappear-01   :ARG1 (s35a / animal)   :extent (s35a2 / all-the-way)   :aspect blank) 	s35d	disappear.01		process		performance		process		
pear_story.36 	 ? and then then you're back to the man in the tree . 	(s36b / back-17         :ARG1 (s36p / person                 :refer-person 2nd                 :refer-definiteness generic)         :ARG2 (s36h / have-experience-91                 :ARG1 s36p                 :ARG2 (s36m / man                         :place (s36t / tree                                 :refer-number singular)))         :temporal (s36t2 / then)         :aspect blank) 	s36b	back.17				state		state		
pear_story.37 	 And he's up there in the tree . 	(s37h / have-place-91   :ARG1 (s37p / person           :refer-person 3rd           :refer-number singular)   :ARG2 (s37t2 / there    :ARG1-of (s37u / up-03            :ARG2 (s37t / tree                    :refer-number singular)))   :aspect blank) 	s37h	have-place.91				state		State		
pear_story.38 	 And then definitely when he's up there , 	(s38h2 / have-temporal-91  :ARG1 (s38e / event)  :ARG2 (s38u / up-03                 :ARG1 (s38p / person                       :refer-person 3rd                       :refer-number singular)                 :ARG2 (s38t / there)                 :aspect blank)         :ARG1-of (s38d / definite-01)) 	s38u	up.03				state		State		
pear_story.39 	 . . a kid comes by on a bicycle . 	(s39c / come-01         :ARG1 (s39k / kid                 :refer-number singular)         :ARG3 (s39p / place)         :ARG4 (s39b / by)         :instrument (s39b2 / bicycle                 :refer-number singular)         :aspect blank) 	s39c	come.01				activity		process		
pear_story.40 	 From the direction where the goat man left , 	(s40h / have-source-91         :ARG1 (s40e / event)         :ARG2 (s40d / direction                 :ARG2-of (s40l / leave-11                         :ARG0 (s40m / man                                 :possessor-of (s40g / goat                                         :refer-number singular))                         :aspect blank))) 	s40l	leave.11						process		
pear_story.42 	 A--nd . . u--m the bicycle's way too big for the kid . 	(s42h / have-degree-92         :ARG1 (s42b / bicycle                 :refer-number singular)         :ARG2 (s42b2 / big-01)         :ARG3 (s42t / too                 :degree intensifier)         :ARG4 (s42k / kid                 :refer-number singular)         :aspect blank) 	s42h	have-degree.92						State		
pear_story.43 	 I'm giving you all these details . 	(s43g / give-01   :ARG0 (s43p / person           :refer-person 1st           :refer-number singular)         :ARG1 (s43d / detail                 :quant (s43a / all)                 :mod (s43t / this)                 :refer-number plural)         :ARG2 (s43p2 / person                 :refer-person 2nd                 :refer-number singular)         :aspect blank) 	s43g	give.01								
pear_story.44 	 I don't know if you want them. 	(s44k / know-01         :ARG0 (s44p / person                 :refer-person 1st                 :refer-number singular)         :ARG1 (s44t / truth-value                  :polarity-of (s44w / want-01                         :ARG0 (s44p2 / person                                 :refer-person 2nd                                 :refer-number singular)                         :ARG1 (s44t2 / thing                                 :refer-person 3rd                                 :refer-number plural)                         :aspect blank))   :polarity -   :aspect blank) 	s44k	know.01								
pear_story.44 	 I don't know if you want them. 	(s44k / know-01         :ARG0 (s44p / person                 :refer-person 1st                 :refer-number singular)         :ARG1 (s44t / truth-value                  :polarity-of (s44w / want-01                         :ARG0 (s44p2 / person                                 :refer-person 2nd                                 :refer-number singular)                         :ARG1 (s44t2 / thing                                 :refer-person 3rd                                 :refer-number plural)                         :aspect blank))   :polarity -   :aspect blank) 	s44w	want.01								
pear_story.45 	 U—m the . . the reason I'm giving you the details is cause I don't know what the point of the movie was. 	(s45h / have-reason-91         :ARG1 (s45g / give-01                 :ARG0 (s45p / person                         :refer-person 1st                         :refer-number singular)                 :ARG1 (s45d / detail                         :refer-number plural)                 :ARG2 (s45p2 / person                         :refer-person 2nd                         :refer-number singular)                 :aspect blank)         :ARG2 (s45k / know-01                 :ARG0 s45p                 :ARG1 (s45p3 / point-03                         :ARG1 (s45m / movie                                 :refer-number singular)                         :aspect blank)                 :polarity -                 :aspect blank)) 	s45g	give.01								
pear_story.45 	 U—m the . . the reason I'm giving you the details is cause I don't know what the point of the movie was. 	(s45h / have-reason-91         :ARG1 (s45g / give-01                 :ARG0 (s45p / person                         :refer-person 1st                         :refer-number singular)                 :ARG1 (s45d / detail                         :refer-number plural)                 :ARG2 (s45p2 / person                         :refer-person 2nd                         :refer-number singular)                 :aspect blank)         :ARG2 (s45k / know-01                 :ARG0 s45p                 :ARG1 (s45p3 / point-03                         :ARG1 (s45m / movie                                 :refer-number singular)                         :aspect blank)                 :polarity -                 :aspect blank)) 	s45k	know.01								
pear_story.45 	 U—m the . . the reason I'm giving you the details is cause I don't know what the point of the movie was. 	(s45h / have-reason-91         :ARG1 (s45g / give-01                 :ARG0 (s45p / person                         :refer-person 1st                         :refer-number singular)                 :ARG1 (s45d / detail                         :refer-number plural)                 :ARG2 (s45p2 / person                         :refer-person 2nd                         :refer-number singular)                 :aspect blank)         :ARG2 (s45k / know-01                 :ARG0 s45p                 :ARG1 (s45p3 / point-03                         :ARG1 (s45m / movie                                 :refer-number singular)                         :aspect blank)                 :polarity -                 :aspect blank)) 	s45p3	point.03								
pear_story.47 	 So maybe you can see {laugh begins} something that {laugh ends} I didn't. 	(s47s / see-01         :ARG0 (s47p / person                 :refer-person 2nd                 :refer-number singular)         :ARG1 (s47t / thing                 :refer-person 3rd                 :refer-number singular                 :mod (s47s3 / some)                 :ARG1-of (s47s2 / see-01                         :ARG0 (s47p2 / person                                 :refer-person 1st                                 :refer-number singular)                         :polarity -                         :aspect blank))   :aspect blank) 	s47s	see.01								
pear_story.47 	 So maybe you can see {laugh begins} something that {laugh ends} I didn't. 	(s47s / see-01         :ARG0 (s47p / person                 :refer-person 2nd                 :refer-number singular)         :ARG1 (s47t / thing                 :refer-person 3rd                 :refer-number singular                 :mod (s47s3 / some)                 :ARG1-of (s47s2 / see-01                         :ARG0 (s47p2 / person                                 :refer-person 1st                                 :refer-number singular)                         :polarity -                         :aspect blank))   :aspect blank) 	s47s2	see.01								
pear_story.49 	 U--m g a kid comes by on a bicycle , 	(s49c / come-01         :ARG1 (s49k / kid                 :refer-number singular)         :ARG4 (s49b / by)         :instrument (s49b2 / bicycle                 :refer-number singular)         :aspect blank) 	s49c	come.01								
pear_story.50 	 . . he stops , 	(s50s / stop-01         :ARG1 (s50p / person                 :refer-person 3rd                 :refer-number singular)         :aspect blank) 	s50s	stop.01								
pear_story.51 	 he gets off his bike , 	(s51g / get-05         :ARG1 (s51p / person                 :refer-person 3rd                 :refer-number singular)         :source (s51b / bike                 :possessor s51p                 :refer-number singular)         :direction (s51o / off-07)         :aspect blank) 	s51g	get.05								
pear_story.52 	 u--m the movie was in color . 	(s52h / have-medium-91         :ARG1 (s52m2 / movie                 :refer-number singular)         :ARG2 (s52c2 / color)         :aspect blank) 	s52h	have-medium.91								
pear_story.53 	 And the movie had sound track . 	(s53h / have-part-91         :ARG1 (s53m / movie                 :refer-number singular)         :ARG2 (s53s / sound-track                 :refer-number singular)         :aspect blank) 	s53h	have-part.91								
pear_story.54 	 It's important . 	(s54i2 / important-01         :ARG1 (s54e / event                 :refer-person 3rd                 :refer-number singular)         :aspect blank) 	s54i2	important.01								
pear_story.55 	 And then the mo the whole movie started with a a cock crowing. 	(s55s / start-01         :ARG1 (s55m / movie                 :refer-number singular                 :extent (s55w / whole))         :ARG2 (s55c / crow-01                 :ARG0 (s55c2 / cock                         :refer-number singular)                 :aspect blank)         :temporal (s55t / then)         :aspect blank) 	s55c	crow.01								
pear_story.55 	 And then the mo the whole movie started with a a cock crowing. 	(s55s / start-01         :ARG1 (s55m / movie                 :refer-number singular                 :extent (s55w / whole))         :ARG2 (s55c / crow-01                 :ARG0 (s55c2 / cock                         :refer-number singular)                 :aspect blank)         :temporal (s55t / then)         :aspect blank) 	s55s	start.01								
pear_story.56 	 And then you see /?/ . 	(s56s / see-01         :ARG0 (s56p / person                 :refer-person 2nd                 :refer-definiteness generic)         :temporal (s56t / then)         :aspect blank) 	s56s	see.01								
pear_story.58 	 I just remembered that . 	(s58r / remember-01         :ARG0 (s58p / person                 :refer-person 1st                 :refer-number singular)         :ARG1 (s58e / event                 :mod (s58t / that))         :temporal (s58j / just)         :aspect blank) 	s58r	remember.01								
pear_story.61 	 . . gets off the bicycle , 	(s61g / get-05         :ARG1 (s61p / person)         :source (s61b / bicycle                 :refer-number singular)         :direction (s61o / off-07)         :aspect blank) 	s61g	get.05								
pear_story.62 	 I think he he picks up the b—asket of pears , 	(s62t / think-01   :ARG0 (s62p4 / person         :refer-person 1st         :refer-number singular)   :ARG1 (s62p / pick-up-04         :ARG0 (s62p2 / person                 :refer-person 3rd                 :refer-number singular)         :ARG1 (s62p3 / pear                 :unit (s62b / basket)                 :quant 1)         :aspect performance         :modal-predicate s62t)   :aspect blank) 	s62t	think.01								
pear_story.62 	 I think he he picks up the b—asket of pears , 	(s62t / think-01   :ARG0 (s62p4 / person         :refer-person 1st         :refer-number singular)   :ARG1 (s62p / pick-up-04         :ARG0 (s62p2 / person                 :refer-person 3rd                 :refer-number singular)         :ARG1 (s62p3 / pear                 :unit (s62b / basket)                 :quant 1)         :aspect performance         :modal-predicate s62t)   :aspect blank) 	s62p	pick-up.04								
pear_story.63 	 and he puts it on his bicycle , 	(s63p / put-01         :ARG0 (s63p2 / person                 :refer-person 3rd                 :refer-number singular)         :ARG1 (s63t / thing                 :refer-person 3rd                 :refer-number singular)         :ARG2 (s63b / bicycle                 :refer-number singular                 :possessor s63p2)         :aspect blank) 	s63p	put.01								
pear_story.65 	 And he rides off . 	(s65r / ride-01         :ARG0 (s65p / person                 :refer-person 3rd                 :refer-number singular)         :direction (s65o / off-06)         :aspect blank) 	s65r	ride.01								
pear_story.66 	 A--nd you see him , 	(s66s / see-01         :ARG0 (s66p / person                 :refer-person 2nd                 :refer-definiteness generic)         :ARG1 (s66e / event                 :actor (s66p2 / person                         :refer-person 3rd                         :refer-number singular))         :aspect blank) 	s66s	see.01								
pear_story.67 	 riding off and the next scene you see him , 	(s67a / and   :op1 (s67r / ride-01         :ARG0 s67p         :direction (s67o / off-06)         :aspect blank)   :op2 (s67s / see-01         :ARG0 (s67p2 / person                 :refer-person 2nd                 :refer-definiteness generic)         :ARG1 (s67p / person                 :refer-person 3rd                 :refer-number singular)         :temporal (s67s2 / scene                 :mod (s67n / next))         :aspect blank)) 	s67r	ride.01								
pear_story.67 	 riding off and the next scene you see him , 	(s67a / and   :op1 (s67r / ride-01         :ARG0 s67p         :direction (s67o / off-06)         :aspect blank)   :op2 (s67s / see-01         :ARG0 (s67p2 / person                 :refer-person 2nd                 :refer-definiteness generic)         :ARG1 (s67p / person                 :refer-person 3rd                 :refer-number singular)         :temporal (s67s2 / scene                 :mod (s67n / next))         :aspect blank)) 	s67s	see.01								
pear_story.68 	 like at a at a distance , 	(s68h / have-manner-91         :ARG1 (s68e / event)         :ARG2 (s68d / distant-01                 :ARG1 (s68p / person)                 :ARG2 (s68p2 / person)                 :aspect blank)) 	s68h	have-manner.91								
pear_story.70 	 And he's riding on a lane , 	(s70r / ride-01   :ARG0 (s70p / person           :refer-person 3rd           :refer-number singular)   :path (s70l / lane           :refer-number singular)   :aspect blank) 	s70r	ride.01								
pear_story.71 	 riding on a bicycle and they cro you know . 	(s71a / and   :op1 (s71r / ride-01          :ARG0 (s71p / person)          :ARG1 (s71b / bicycle                 :refer-number singular)          :aspect blank)   :op2 (s71c / cross-01          :ARG0 (s71p3 / person                 :refer-person 3rd                 :refer-number plural)          :aspect blank)) 	s71r	ride.01								
pear_story.71 	 riding on a bicycle and they cro you know . 	(s71a / and   :op1 (s71r / ride-01          :ARG0 (s71p / person)          :ARG1 (s71b / bicycle                 :refer-number singular)          :aspect blank)   :op2 (s71c / cross-01          :ARG0 (s71p3 / person                 :refer-person 3rd                 :refer-number plural)          :aspect blank)) 	s71c	cross.01								
pear_story.72 	 Cross paths. 	(s72c / cross-01   :ARG1 (s72p2 / path           :refer-number plural)   :aspect blank) 	s72c	cross.01								
pear_story.73 	 And he kind of watches her go by . 	(s73w / watch-01         :ARG0 (s73p / person                 :refer-person 3rd                 :refer-number singular)         :ARG1 (s73g / go-01                 :ARG1 (s73p2 / person                         :refer-person 3rd                         :refer-number singular)                 :direction (s73b / by)                 :aspect blank)         :degree downtoner         :aspect blank) 	s73w	watch.01								
pear_story.73 	 And he kind of watches her go by . 	(s73w / watch-01         :ARG0 (s73p / person                 :refer-person 3rd                 :refer-number singular)         :ARG1 (s73g / go-01                 :ARG1 (s73p2 / person                         :refer-person 3rd                         :refer-number singular)                 :direction (s73b / by)                 :aspect blank)         :degree downtoner         :aspect blank) 	s73g	go.01								
pear_story.74 	 And . . because he's watching her , 	(s74h / have-cause-01         :ARG1 (s74e / event)         :ARG2 (s74w / watch-01                 :ARG0 (s74p / person                         :refer-person 3rd                         :refer-number singular)                 :ARG1 (s74p2 / person                         :refer-person 3rd                         :refer-number singular)                 :aspect blank)) 	s74w	watch.01								
pear_story.75 	 he when he turns around his hat flies off . 	(s75f / fly-01         :ARG2 (s75h / hat                 :refer-number singular                 :possessor (s75p / person                         :refer-person 3rd                         :refer-number singular))         :result (s75o / off-07                 :ARG1 s75h                 :ARG2 s75p)         :temporal (s75t / turn-around-23                 :ARG0 s75p                 :ARG1 s75p                 :aspect blank)         :aspect blank) 	s75f	fly.01								
pear_story.75 	 he when he turns around his hat flies off . 	(s75f / fly-01         :ARG2 (s75h / hat                 :refer-number singular                 :possessor (s75p / person                         :refer-person 3rd                         :refer-number singular))         :result (s75o / off-07                 :ARG1 s75h                 :ARG2 s75p)         :temporal (s75t / turn-around-23                 :ARG0 s75p                 :ARG1 s75p                 :aspect blank)         :aspect blank) 	s75t	turn-around.23								
pear_story.77 	 And then he bumps into a rock . 	(s77b / bump-01         :ARG0 (s77p / person                 :refer-person 3rd                 :refer-number singular)         :ARG1 (s77r / rock                 :refer-number singular)         :temporal (s77t / then)         :aspect blank) 	s77b	bump.01								
pear_story.78 	 A--nd . . u--m falls down , 	(s78f / fall-01         :ARG1 (s78p / person)         :ARG4 (s78d / down-01                 :ARG1 s78p)         :aspect blank) 	s78f	fall.01								
pear_story.79 	 and . . the . . pears all s--pray all over the place , 	(s79s / spray-01         :ARG1 (s79p / pear                 :quant (s79a / all))         :ARG2 (s79p2 / place                 :mod (s79a2 / all-over))         :aspect blank) 	s79s	spray.01								
pear_story.80 	 ? and and then . . you see him fall down , 	(s80s / see-01         :ARG0 (s80p / person                 :refer-person 2nd                 :refer-definiteness generic)         :ARG1 (s80f / fall-01                 :ARG1 (s80p2 / person                         :refer-person 3rd                         :refer-number singular)                 :ARG4 (s80d / down-01                         :ARG1 s80p2)                 :aspect blank)         :temporal (s80t / then)         :aspect blank) 	s80s	see.01								
pear_story.80 	 ? and and then . . you see him fall down , 	(s80s / see-01         :ARG0 (s80p / person                 :refer-person 2nd                 :refer-definiteness generic)         :ARG1 (s80f / fall-01                 :ARG1 (s80p2 / person                         :refer-person 3rd                         :refer-number singular)                 :ARG4 (s80d / down-01                         :ARG1 s80p2)                 :aspect blank)         :temporal (s80t / then)         :aspect blank) 	s80f	fall.01								
pear_story.81 	 and he gets up , 	(s81g / get-up-26         :ARG1 (s81p / person                 :refer-person 3rd                 :refer-number singular)         :aspect blank) 	s81g	get-up.26								
pear_story.82 	 and brushes himself off , 	(s82b / brush-off-04         :ARG0 (s82p / person                 :refer-person 3rd                 :refer-number singular)         :ARG1 s82p         :aspect blank) 	s82b	brush-off.04								
pear_story.83 	 . . and he goes . . you know {brushing gesture} and then you see three other boys about his age . 	(s83a / and         :op1 (s83g / go-05                 :ARG0 (s83p / person                         :refer-person 3rd                         :refer-number singular)                 :ARG1 (s83g2 / gesture-91                         :ARG0 s83p                         :ARG1 (s83b / brush-off-04)                         :quote s83g)                 :aspect blank)         :op2 (s83s / see-01                 :ARG0 (s83p2 / person                         :refer-person 2nd                         :refer-definiteness generic)                 :ARG1 (s83b2 / boy                         :quant 3                         :mod (s83o / other)                         :ARG1-of (s83h / have-age-91                                 :ARG2 (s83a2 / about                                         :op1 (s83t / temporal-quantity                                                 :ARG2-of (s83h2 / have-age-91                                                         :ARG1 s83p)))))                 :aspect state                 :temporal (s83t3 / then))) 	s83g	go.05								
pear_story.83 	 . . and he goes . . you know {brushing gesture} and then you see three other boys about his age . 	(s83a / and         :op1 (s83g / go-05                 :ARG0 (s83p / person                         :refer-person 3rd                         :refer-number singular)                 :ARG1 (s83g2 / gesture-91                         :ARG0 s83p                         :ARG1 (s83b / brush-off-04)                         :quote s83g)                 :aspect blank)         :op2 (s83s / see-01                 :ARG0 (s83p2 / person                         :refer-person 2nd                         :refer-definiteness generic)                 :ARG1 (s83b2 / boy                         :quant 3                         :mod (s83o / other)                         :ARG1-of (s83h / have-age-91                                 :ARG2 (s83a2 / about                                         :op1 (s83t / temporal-quantity                                                 :ARG2-of (s83h2 / have-age-91                                                         :ARG1 s83p)))))                 :aspect state                 :temporal (s83t3 / then))) 	s83s	see.01								
pear_story.84 	 He's like maybe . . what , 	(s84h / have-age-91         :ARG1 (s84p / person                 :refer-person 3rd                 :refer-number singular)         :ARG2 (s84t / temporal-quantity)         :aspect blank) 	s84h	have-age.91								
pear_story.87 	 I don't know . 	(s87k / know-01         :ARG0 (s87p / person                 :refer-person 1st                 :refer-number singular)         :ARG1 (s87t / thing)         :polarity -         :aspect blank) 	s87k	know.01								
pear_story.88 	 A--nd and you look at them , 	(s88l / look-01         :ARG0 (s88p / person                 :refer-person 2nd                 :refer-definiteness generic)         :ARG1 (s88p2 / person                 :refer-person 3rd                 :refer-number plural)         :aspect blank) 	s88l	look.01								
pear_story.89 	 and and they see him , 	(s89s / see-01         :ARG0 (s89p / person                 :refer-person 3rd                 :refer-number plural)         :ARG1 (s89p2 / person                 :refer-person 3rd                 :refer-number singular)         :aspect blank) 	s89s	see.01								
pear_story.90 	 and they come up , 	(s90c / come-01         :ARG1 (s90p / person                 :refer-person 3rd                 :refer-number plural)         :direction (s90u / up-09)         :aspect blank) 	s90c	come.01								
pear_story.91 	 a-nd without saying anything , 	(s91h / have-manner-91         :ARG1 (s91e / event)         :ARG2 (s91s / say-01                 :polarity -                 :ARG0 (s91p / person)                 :ARG1 (s91t / thing                         :mod (s91a / any))                 :aspect blank)) 	s91s	say.01								
pear_story.92 	 there's no speech in the whole movie . 	(s92h / have-place-91         :polarity -         :ARG1(s92s / speech)         :ARG2 (s92m / movie                 :refer-number singular                 :extent (s92w / whole))         :aspect blank) 	s92h	have-place.91								
pear_story.93 	 Without saying anything , 	(s93h / have-manner-91         :ARG1 (s93e / event)         :ARG2 (s93s / say-01                 :polarity -                 :ARG0 (s93p / person)                 :ARG1 (s93t / thing                         :mod (s93a / any))                 :aspect blank)) 	s93s	say.01								
pear_story.94 	 they . . u--m . . help him . . put the pears back in the basket. 	(s94h / help-01         :ARG0 (s94p / person                 :refer-person 3rd                 :refer-number plural)         :ARG1 (s94p2 / put-01                 :ARG0 (s94p3 / person                         :refer-person 3rd                         :refer-number singular)                 :ARG1 (s94p4 / pear                         :refer-number plural)                 :ARG2 (s94b / basket                         :refer-number singular)                 :result (s94b2 / back-17                         :ARG1 s94p4)                 :aspect blank)         :ARG2 s94p3         :aspect blank) 	s94h	help.01								
pear_story.94 	 they . . u--m . . help him . . put the pears back in the basket. 	(s94h / help-01         :ARG0 (s94p / person                 :refer-person 3rd                 :refer-number plural)         :ARG1 (s94p2 / put-01                 :ARG0 (s94p3 / person                         :refer-person 3rd                         :refer-number singular)                 :ARG1 (s94p4 / pear                         :refer-number plural)                 :ARG2 (s94b / basket                         :refer-number singular)                 :result (s94b2 / back-17                         :ARG1 s94p4)                 :aspect blank)         :ARG2 s94p3         :aspect blank) 	s94p2	put.01								
pear_story.95 	 Only they don't wipe them off first . 	(s95h / have-concession-91         :ARG1 (s95e / event)         :ARG2 (s95w / wipe-off-03                 :polarity -                 :ARG0 (s95p / person                         :refer-person 3rd                         :refer-number plural)                 :ARG2 (s95t / thing                         :refer-person 3rd                         :refer-number plural)                 :ord (s95o / ordinal-entity :value "1")                 :aspect blank)) 	s95w	wipe-off.03								
pear_story.96 	 Just pick them up , 	(s96p / pick-up-04         :ARG0 (s96p2 / person)         :ARG1 (s96t / thing                 :refer-person 3rd                 :refer-number plural)         :mod (s96j / just)         :aspect blank) 	s96p	pick-up.04								
pear_story.97 	 . . and pour them in . 	(s97a / and         :op1 (s97e / event)         :op2 (s97p / pour-01                 :ARG0 (s97p2 / person)                 :ARG1 (s97t / thing                         :refer-number 3rd                         :refer-number plural)                 :ARG3 (s97t2 / thing)                 :aspect blank)) 	s97p	pour.01								
pear_story.98 	 And they-- help him get his bike u--p , 	(s98h / help-01         :ARG0 (s98p / person                 :refer-person 3rd                 :refer-number plural)         :ARG1 (s98g / get-up-26                 :ARG0 (s98p2 / person                         :refer-person 3rd                         :refer-number singular)                 :ARG1 (s98b / bike                         :refer-number singular                         :possessor s98p2)                 :aspect blank)         :ARG2 s98p2         :aspect blank) 	s98h	help.01								
pear_story.98 	 And they-- help him get his bike u--p , 	(s98h / help-01         :ARG0 (s98p / person                 :refer-person 3rd                 :refer-number plural)         :ARG1 (s98g / get-up-26                 :ARG0 (s98p2 / person                         :refer-person 3rd                         :refer-number singular)                 :ARG1 (s98b / bike                         :refer-number singular                         :possessor s98p2)                 :aspect blank)         :ARG2 s98p2         :aspect blank) 	s98g	get-up.26								
pear_story.99 	 and one kid takes the rock that he tripped on and he throws it off to the side of the roa—d , 	(s99c / consecutive         :op1 (s99t / take-01                 :ARG0 (s99k / kid                         :quant 1)                 :ARG1 (s99r / rock                         :refer-number singular                         :ARG1-of (s99t2 / trip-04                                 :ARG0 (s99p / person                                         :refer-person 3rd                                         :refer-number singular)                                 :aspect blank))                 :aspect blank)         :op2 (s99t3 / throw-01                 :ARG0 s99k                 :ARG1 s99r                 :ARG2 (s99s / side                         :refer-number singular                         :part-of (s99r2 / road                                 :refer-number singular))                 :direction (s99o / off-07)                 :aspect blank)) 	s99t	take.01								
pear_story.99 	 and one kid takes the rock that he tripped on and he throws it off to the side of the roa—d , 	(s99c / consecutive         :op1 (s99t / take-01                 :ARG0 (s99k / kid                         :quant 1)                 :ARG1 (s99r / rock                         :refer-number singular                         :ARG1-of (s99t2 / trip-04                                 :ARG0 (s99p / person                                         :refer-person 3rd                                         :refer-number singular)                                 :aspect blank))                 :aspect blank)         :op2 (s99t3 / throw-01                 :ARG0 s99k                 :ARG1 s99r                 :ARG2 (s99s / side                         :refer-number singular                         :part-of (s99r2 / road                                 :refer-number singular))                 :direction (s99o / off-07)                 :aspect blank)) 	s99t2	trip.04								
pear_story.99 	 and one kid takes the rock that he tripped on and he throws it off to the side of the roa—d , 	(s99c / consecutive         :op1 (s99t / take-01                 :ARG0 (s99k / kid                         :quant 1)                 :ARG1 (s99r / rock                         :refer-number singular                         :ARG1-of (s99t2 / trip-04                                 :ARG0 (s99p / person                                         :refer-person 3rd                                         :refer-number singular)                                 :aspect blank))                 :aspect blank)         :op2 (s99t3 / throw-01                 :ARG0 s99k                 :ARG1 s99r                 :ARG2 (s99s / side                         :refer-number singular                         :part-of (s99r2 / road                                 :refer-number singular))                 :direction (s99o / off-07)                 :aspect blank)) 	s99t3	throw.01								
pear_story.100 	 ? and and they set him upright , 	(s100s / set-01         :ARG0 (s100p / person                 :refer-person 3rd                 :refer-number plural)         :ARG1 (s100p2 / person                 :refer-person 3rd                 :refer-number singular)         :ARG2 (s100u / upright-08)         :aspect blank) 	s100s	set.01								
pear_story.101 	 . . and they . . and then he . . you know they I don't they don't say thank you , 	(s101s / say-01         :polarity -         :ARG0 (s101p / person                 :refer-person 3rd                 :refer-number plural)         :ARG1 (s101t / thank-01                 :ARG0 s101p                 :ARG2 (s101p2 / person                         :refer-person 2nd                         :refer-number singular)                 :aspect state                 :quote s101s)         :aspect blank) 	s101s	say.01								
pear_story.102 	 he just splits . 	(s102s / split-02         :ARG0 (s102p / person                 :refer-person 3rd                 :refer-number singular)         :mod (s102j / just)         :aspect blank) 	s102s	split.02								
pear_story.103 	 And then . . they walk . . the three boys walk down the road and they see-- . . the kid's hat . 	(s103a / and         :op1 (s103w / walk-01                 :ARG0 (s103b / boy                         :quant 3)                 :ARG2 (s103r / road                         :refer-number singular)                 :direction (s103d / down-05)                 :aspect blank)         :op2 (s103s / see-01                 :ARG0 s103b                 :ARG1 (s103h / hat                         :refer-number singular                         :possessor (s103k / kid                                 :refer-number singular))                 :aspect blank)) 	s103w	walk.01								
pear_story.103 	 And then . . they walk . . the three boys walk down the road and they see-- . . the kid's hat . 	(s103a / and         :op1 (s103w / walk-01                 :ARG0 (s103b / boy                         :quant 3)                 :ARG2 (s103r / road                         :refer-number singular)                 :direction (s103d / down-05)                 :aspect blank)         :op2 (s103s / see-01                 :ARG0 s103b                 :ARG1 (s103h / hat                         :refer-number singular                         :possessor (s103k / kid                                 :refer-number singular))                 :aspect blank)) 	s103s	see.01								
pear_story.104 	 And so one of them whistles . 	(s104w / whistle-01         :ARG0 (s104p / person                 :refer-person 3rd                 :quant 1                 :ARG1-of (s104i / include-91                         :ARG2 (s104p2 / person                                 :refer-person 3rd                                 :refer-number plural)))         :reason (s104e / event)         :aspect blank) 	s104w	whistle.01								
pear_story.105 	 And the kid on the bike turns around , 	(s105t / turn-around-23         :ARG0 (s105k / kid                 :refer-number singular                 :place (s105b / bike                         :refer-number singular))         :ARG1 s105k         :reason (s105e / event)         :aspect blank) 	s105t	turn-around.23								
pear_story.106 	 and then he brings his hat to him , 	(s106b / bring-01         :ARG0 (s106p / person                 :refer-person 3rd                 :refer-number singular)         :ARG1 (s106h / hat                 :refer-number singular                 :possessor (s106p2 / person                         :refer-person 3rd                         :refer-number singular))         :ARG2 s106p2         :temporal (s106t / then)         :aspect blank) 	s106b	bring.01								
pear_story.107 	 and the g guy on the bike gives the other kids gives the kid that returns his hat . . three pears to share with his buddies. 	(s107g / give-01         :ARG0 (s107g2 / guy                 :refer-number singular                 :place (s107b / bike                         :refer-number singular))         :ARG1 (s107p / pear                 :quant 3)         :ARG2 (s107k / kid                 :refer-number singular                 :ARG0-of (s107r / return-02                         :ARG1 (s107h2 / hat                                 :refer-number singular                                 :possessor s107g2)                         :ARG2 s107g2                         :aspect blank))         :purpose (s107s / share-01                 :ARG0 s107k                 :ARG1 s107p                 :ARG2 (s107p2 / person                         :ARG1-of (s107h3 / have-rel-role-92                                         :ARG2 s107k                                         :ARG3 (s107b2 / buddy))                         :refer-number plural)                 :aspect blank)         :aspect blank) 	s107g	give.01								
pear_story.107 	 and the g guy on the bike gives the other kids gives the kid that returns his hat . . three pears to share with his buddies. 	(s107g / give-01         :ARG0 (s107g2 / guy                 :refer-number singular                 :place (s107b / bike                         :refer-number singular))         :ARG1 (s107p / pear                 :quant 3)         :ARG2 (s107k / kid                 :refer-number singular                 :ARG0-of (s107r / return-02                         :ARG1 (s107h2 / hat                                 :refer-number singular                                 :possessor s107g2)                         :ARG2 s107g2                         :aspect blank))         :purpose (s107s / share-01                 :ARG0 s107k                 :ARG1 s107p                 :ARG2 (s107p2 / person                         :ARG1-of (s107h3 / have-rel-role-92                                         :ARG2 s107k                                         :ARG3 (s107b2 / buddy))                         :refer-number plural)                 :aspect blank)         :aspect blank) 	s107r	return.02								
pear_story.107 	 and the g guy on the bike gives the other kids gives the kid that returns his hat . . three pears to share with his buddies. 	(s107g / give-01         :ARG0 (s107g2 / guy                 :refer-number singular                 :place (s107b / bike                         :refer-number singular))         :ARG1 (s107p / pear                 :quant 3)         :ARG2 (s107k / kid                 :refer-number singular                 :ARG0-of (s107r / return-02                         :ARG1 (s107h2 / hat                                 :refer-number singular                                 :possessor s107g2)                         :ARG2 s107g2                         :aspect blank))         :purpose (s107s / share-01                 :ARG0 s107k                 :ARG1 s107p                 :ARG2 (s107p2 / person                         :ARG1-of (s107h3 / have-rel-role-92                                         :ARG2 s107k                                         :ARG3 (s107b2 / buddy))                         :refer-number plural)                 :aspect blank)         :aspect blank) 	s107s	share.01								
pear_story.108 	 So-- and then he splits . 	(s108s / split-02         :ARG0 (s108p / person                 :refer-person 3rd                 :refer-number singular)         :temporal (s108t2 / then)         :aspect blank) 	s108s	split.02								
pear_story.112 	 A--nd um I just remembered another detail . 	(s112r / remember-01         :ARG0 (s112p / person                 :refer-person 1st                 :refer-number singular)         :ARG1 (s112d / detail                 :mod (s112a / another)                 :refer-number singular)         :temporal (s112j / just)         :aspect blank) 	s112r	remember.01								
pear_story.113 	 Before he meets the girl ? 	(s113h / have-temporal-91         :ARG1 (s113e / event)         :ARG2 (s113b / before                 :op1 (s113m / meet-03                         :ARG0 (s113p / person                                 :refer-person 3rd                                 :refer-number singular)                         :ARG1 (s113g / girl                                 :refer-number singular)                         :aspect blank))) 	s113m	meet.03								
pear_story.115 	 . . it's a bumpy road little dirt road , 	(s115h / have-mod-91         :ARG1 (s115r / road                 :refer-number singular)         :ARG2 (s115a / and                 :op1 (s115b / bumpy)                 :op2 (s115l / little-01)                 :op3 (s115h2 / have-material-91                         :ARG1 s115r                         :ARG2 (s115d / dirt)))         :aspect blank) 	s115h	have-mod.91								
pear_story.116 	 one of the pears . . flies out . 	(s116f / fly-01         :ARG2 (s116p / pear                 :quant 1                 :ARG2-of (s116i2 / include-91                         :ARG1 (s116p2 / pear                                 :refer-number plural)))         :direction (s116o / out-06)         :source (s116t2 / thing)         :cause (s116e / event)         :aspect blank) 	s116f	fly.01								
pear_story.118 	 A--nd u—m then you don't see the kid with the bike with the pears anymore . 	(s118s / see-01         :polarity -         :ARG0 (s118p / person                 :refer-person 2nd                 :refer-definiteness generic)         :ARG1 (s118k / kid                 :refer-number singular                 :possessor-of (s118a / and                         :op1 (s118b / bike                                 :refer-number singular)                         :op2 (s118p2 / pear                                 :refer-number plural)))         :mod (s118a2 / anymore)         :aspect blank) 	s118s	see.01								
pear_story.119 	 And the three kids that are walking , 	(s119k2 / kid         :quant 3         :ARG0-of (s119w2 / walk-01                 :aspect blank)) 	s119w2	walk.01								
pear_story.120 	 one of them has a . . what do you call those little [l.l?] um paddleball? 	(s120h / have-91         :ARG1 (s120p / person                 :refer-person 3rd                 :quant 1                 :ARG1-of (s120i2 / include-91                         :ARG2 (s120p2 / person                                 :refer-person 3rd                                 :refer-number plural)))         :ARG2 (s120p4 / paddleball                 :refer-number singular                 :ARG1-of (s120i / identity-91                         :ARG2 (s120u / umr-unknown                                 :ARG2-of (s120c / call-01                                         :ARG0 (s120p3 / person                                                 :refer-person 2nd                                                 :refer-number singular)                                         :ARG1 (s120t / thing                                                 :refer-number plural                                                 :mod (s120t2 / that)                                                 :ARG1-of (s120l / little-01))                                         :ARG2                                          :mode interrogative                                         :aspect blank))))         :aspect blank)                                          	s120h	have.91								
pear_story.120 	 one of them has a . . what do you call those little [l.l?] um paddleball? 	(s120h / have-91         :ARG1 (s120p / person                 :refer-person 3rd                 :quant 1                 :ARG1-of (s120i2 / include-91                         :ARG2 (s120p2 / person                                 :refer-person 3rd                                 :refer-number plural)))         :ARG2 (s120p4 / paddleball                 :refer-number singular                 :ARG1-of (s120i / identity-91                         :ARG2 (s120u / umr-unknown                                 :ARG2-of (s120c / call-01                                         :ARG0 (s120p3 / person                                                 :refer-person 2nd                                                 :refer-number singular)                                         :ARG1 (s120t / thing                                                 :refer-number plural                                                 :mod (s120t2 / that)                                                 :ARG1-of (s120l / little-01))                                         :ARG2                                          :mode interrogative                                         :aspect blank))))         :aspect blank)                                          	s120c	call.01								
pear_story.121 	 You know , 	(s121k / know-01         :ARG0 (s121p / person                 :refer-person 2nd                 :refer-definiteness generic)         :ARG1 (s121t / thing)         :aspect blank) 	s121k	know.01								
pear_story.124 	 So they're walking along , 	(s124w / walk-01         :ARG0 (s124p / person                 :refer-person 3rd                 :refer-number plural)         :ARG2 (s124a / along-01)         :aspect blank) 	s124w	walk.01								
pear_story.125 	 and they brush off their pears , 	(s125b / brush-off-04         :ARG0 (s125p / person                 :refer-person 3rd                 :refer-number plural)         :ARG1 (s125p2 / pear                 :refer-number plural                 :possessor s125p)         :aspect blank) 	s125b	brush-off.04								
pear_story.126 	 and they start eating it . 	(s126s / start-01         :ARG0 (s126p / person                 :refer-person 3rd                 :refer-number plural)         :ARG1 (s126e / eat-01                 :ARG0 s126p                 :ARG1 (s126t / thing                         :refer-person 3rd                         :refer-number singular)                 :aspect blank)         :aspect blank) 	s126s	start.01								
pear_story.126 	 and they start eating it . 	(s126s / start-01         :ARG0 (s126p / person                 :refer-person 3rd                 :refer-number plural)         :ARG1 (s126e / eat-01                 :ARG0 s126p                 :ARG1 (s126t / thing                         :refer-person 3rd                         :refer-number singular)                 :aspect blank)         :aspect blank) 	s126e	eat.01								
pear_story.127 	 Then they walk by-- the man who was picking the pears . 	(s127w / walk-01         :ARG0 (s127p / person                 :refer-person 3rd                 :refer-number plural)         :ARG2 (s127b / by                 :op1 (s127m / man                         :refer-number singular                         :ARG0-of (s127p2 / pick-01                                 :ARG1 (s127p3 / pear                                         :refer-number plural)                                 :aspect blank)))         :temporal (s127t / then)         :aspect blank) 	s127w	walk.01								
pear_story.127 	 Then they walk by-- the man who was picking the pears . 	(s127w / walk-01         :ARG0 (s127p / person                 :refer-person 3rd                 :refer-number plural)         :ARG2 (s127b / by                 :op1 (s127m / man                         :refer-number singular                         :ARG0-of (s127p2 / pick-01                                 :ARG1 (s127p3 / pear                                         :refer-number plural)                                 :aspect blank)))         :temporal (s127t / then)         :aspect blank) 	s127p2	pick.01								
pear_story.128 	 Who looks like a Mexican-American if that's important ? 	(s128l / look-02         :ARG0 (s128p / person)         :ARG1 (s128h / have-mod-91                 :ARG1 s128p                 :ARG2 (s128e / ethnic-group                         :name (s128n / name                                 :op1 "Mexican-American"))                 :aspect blank)         :aspect state         :ARG1-of (s128i2 / important-01                 :polarity (s128u / umr-unknown)                 :aspect blank)) 	s128l	look.02								
pear_story.128 	 Who looks like a Mexican-American if that's important ? 	(s128l / look-02         :ARG0 (s128p / person)         :ARG1 (s128h / have-mod-91                 :ARG1 s128p                 :ARG2 (s128e / ethnic-group                         :name (s128n / name                                 :op1 "Mexican-American"))                 :aspect blank)         :aspect state         :ARG1-of (s128i2 / important-01                 :polarity (s128u / umr-unknown)                 :aspect blank)) 	s128h	have-mod.91								
pear_story.128 	 Who looks like a Mexican-American if that's important ? 	(s128l / look-02         :ARG0 (s128p / person)         :ARG1 (s128h / have-mod-91                 :ARG1 s128p                 :ARG2 (s128e / ethnic-group                         :name (s128n / name                                 :op1 "Mexican-American"))                 :aspect blank)         :aspect state         :ARG1-of (s128i2 / important-01                 :polarity (s128u / umr-unknown)                 :aspect blank)) 	s128i2	important.01								
pear_story.129 	 U-m and he's ge he's getting down out of the tree , 	(s129g / get-05         :ARG1 (s129p / person                 :refer-person 3rd                 :refer-number singular)         :ARG2 (s129d / down-03)         :source (s129t / tree                 :refer-number singular)         :aspect blank) 	s129g	get.05								
pear_story.130 	 and fucking with the ladder . 	(s130f / fuck-around-04         :ARG0 (s130p / person)         :ARG1 (s130l / ladder                 :refer-number singular)         :aspect blank) 	s130f	fuck-around.04								
pear_story.131 	 A--nd he sees . . and and there's one full basket of pears there , 	(s131h / have-place-91         :ARG1 (s131b2 / basket                 :quant 1                 :ARG1-of (s131f2 / full-09                         :ARG2 (s131p2 / pear                                 :refer-number plural)))         :ARG2 (s131t2 / there)         :aspect blank) 	s131h	have-place.91								
pear_story.133 	 And the other full basket is gone . 	(s133g / gone-02         :ARG1 (s133b / basket                 :refer-number singular                 :ARG1-of (s133o / other-01)                 :ARG1-of (s133f / full-09))         :aspect blank) 	s133g	gone.02								
pear_story.134 	 And he goes . . {counting gesture} 	(s134g / go-05   :ARG0 (s134p / person           :refer-person 3rd           :refer-number singular)   :ARG1 (s134g2 / gesture-91         :ARG0 s134p         :ARG1 (s134c / count-01)         :quote s134g)   :aspect blank) 	s134g	go.05								
pear_story.135 	 And he sees the kids walking by and eating their pears . 	(s135s / see-01         :ARG0 (s135p / person                 :refer-person 3rd                 :refer-number singular)         :ARG1 (s135a / and                 :op1 (s135w / walk-01                         :ARG0 (s135k / kid                                 :refer-number plural)                         :direction (s135b / by)                         :aspect blank)                 :op2 (s135e / eat-01                         :ARG0 s135k                         :ARG1 (s135p2 / pear                                 :refer-number plural                                 :possessor s135k)                         :aspect blank))         :aspect blank) 	s135s	see.01								
pear_story.135 	 And he sees the kids walking by and eating their pears . 	(s135s / see-01         :ARG0 (s135p / person                 :refer-person 3rd                 :refer-number singular)         :ARG1 (s135a / and                 :op1 (s135w / walk-01                         :ARG0 (s135k / kid                                 :refer-number plural)                         :direction (s135b / by)                         :aspect blank)                 :op2 (s135e / eat-01                         :ARG0 s135k                         :ARG1 (s135p2 / pear                                 :refer-number plural                                 :possessor s135k)                         :aspect blank))         :aspect blank) 	s135w	walk.01								
pear_story.135 	 And he sees the kids walking by and eating their pears . 	(s135s / see-01         :ARG0 (s135p / person                 :refer-person 3rd                 :refer-number singular)         :ARG1 (s135a / and                 :op1 (s135w / walk-01                         :ARG0 (s135k / kid                                 :refer-number plural)                         :direction (s135b / by)                         :aspect blank)                 :op2 (s135e / eat-01                         :ARG0 s135k                         :ARG1 (s135p2 / pear                                 :refer-number plural                                 :possessor s135k)                         :aspect blank))         :aspect blank) 	s135e	eat.01								
pear_story.136 	 . . And he and he looks after them , 	(s136l / look-01   :ARG0 (s136p / person           :refer-person 3rd           :refer-number singular)   :ARG1 (s136p2 / person           :refer-person 3rd           :refer-number plural)   :direction (s136a / after-01)   :aspect blank) 	s136l	look.01								
pear_story.137 	 and they disappear , 	(s137d / disappear-01         :ARG1 (s137p / person                 :refer-person 3rd                 :refer-number plural)         :aspect blank) 	s137d	disappear.01								
pear_story.138 	 and that's the end of the movie . 	(s138i2 / identity-91         :ARG0 (s138t / thing                 :mod (s138t2 / that))         :ARG1 (s138t3 / thing                 :ARG2-of (s138e / end-01                         :ARG1 (s138m / movie                                 :refer-number singular)                         :aspect blank))         :aspect blank) 	s138i2	identity.91								
pear_story.138 	 and that's the end of the movie . 	(s138i2 / identity-91         :ARG0 (s138t / thing                 :mod (s138t2 / that))         :ARG1 (s138t3 / thing                 :ARG2-of (s138e / end-01                         :ARG1 (s138m / movie                                 :refer-number singular)                         :aspect blank))         :aspect blank) 	s138e	end.01								
pear_story.139 	 And there's no no language , 	(s139h / have-part-91         :polarity -         :ARG1 (s139t / thing)         :ARG2 (s139l / language)         :aspect blank) 	s139h	have-part.91								
pear_story.140 	 . . used , 	(s140u / use-01         :ARG1 (s140t / thing)         :aspect blank) 	s140u	use.01								